timestamp,http_code,ip,url,error
2025-10-31T04:34:12Z,302,120.237.157.144,/contact,
2025-10-31T22:14:38Z,200,195.8.196.124,/blog/post1,
2025-10-27T23:57:24Z,200,36.167.97.154,/blog/post1,
2025-10-24T05:30:33Z,503,23.100.47.95,/blog/post2,Service Unavailable
2025-10-23T04:27:44Z,200,43.174.217.41,/dashboard,
2025-10-10T22:59:41Z,403,134.77.19.246,/contact,Forbidden
2025-10-13T19:49:39Z,200,218.77.167.99,/blog/post1,
2025-10-07T12:31:06Z,200,17.10.16.215,/contact,
2025-10-19T21:37:27Z,200,86.130.178.199,/about,
2025-10-28T01:52:48Z,200,135.45.41.148,/about,
2025-10-15T00:16:31Z,200,193.37.0.99,/api/data,
2025-10-27T03:28:30Z,301,191.105.75.154,/api/logout,
2025-10-10T00:26:23Z,301,154.71.71.168,/blog,
2025-10-28T00:55:54Z,200,80.112.6.26,/products/2,
2025-10-30T14:14:05Z,403,177.179.212.227,/api/data,Forbidden
2025-10-29T02:03:41Z,401,73.185.167.2,/about,Unauthorized
2025-10-21T20:31:19Z,403,59.107.51.76,/search?q=ai,Forbidden
2025-11-01T14:35:15Z,301,176.250.42.0,/products/2,
2025-10-30T11:50:55Z,301,45.149.118.252,/search?q=ai,
2025-10-31T05:08:34Z,200,34.174.215.177,/dashboard,
2025-10-18T18:14:22Z,200,96.3.152.241,/dashboard,
2025-10-26T21:13:05Z,404,163.31.224.214,/api/login,Not Found
2025-10-26T00:46:43Z,500,221.173.204.160,/api/data,Internal Server Error
2025-10-30T07:04:31Z,301,211.20.11.173,/settings,
2025-11-05T21:11:08Z,200,213.93.76.7,/api/data,
2025-11-02T21:45:12Z,200,201.167.58.244,/blog/post2,
2025-10-20T01:50:03Z,200,20.170.31.218,/about,
2025-10-26T17:37:38Z,200,23.124.232.69,/products/1,
2025-10-11T12:12:54Z,200,95.216.151.169,/products,
2025-10-26T07:23:04Z,200,199.64.57.40,/checkout,
2025-10-13T16:57:32Z,404,117.42.205.60,/checkout,Not Found
2025-10-23T10:45:15Z,200,170.96.199.17,/dashboard,
2025-10-17T05:06:29Z,200,65.77.79.14,/blog/post2,
2025-11-04T14:37:26Z,200,82.11.65.144,/api/logout,
2025-11-01T22:41:30Z,200,105.69.14.142,/index.html,
2025-10-13T22:55:29Z,400,183.13.240.176,/dashboard,Bad Request
2025-10-31T14:24:28Z,200,129.38.197.71,/checkout,
2025-10-13T22:25:40Z,200,221.59.244.236,/api/data,
2025-10-30T17:07:28Z,302,192.65.125.132,/blog,
2025-10-15T10:26:13Z,200,196.161.56.168,/api/logout,
2025-10-11T14:45:13Z,400,16.215.157.44,/products/2,Bad Request
2025-10-26T23:23:04Z,404,12.39.81.40,/settings,Not Found
2025-10-28T10:40:35Z,200,62.110.163.26,/contact,
2025-10-14T12:44:27Z,302,33.226.73.235,/checkout,
2025-10-21T08:02:17Z,403,103.156.226.116,/products/1,Forbidden
2025-10-20T22:23:31Z,200,59.99.196.214,/blog/post1,
2025-11-06T02:35:12Z,500,31.28.72.20,/search?q=ai,Internal Server Error
2025-10-20T11:21:59Z,401,191.80.53.105,/contact,Unauthorized
2025-10-16T06:43:05Z,200,135.166.57.90,/about,
2025-10-28T11:53:40Z,301,90.155.197.34,/api/data,
2025-10-11T20:33:18Z,302,11.139.70.223,/blog/post2,
2025-11-05T11:42:38Z,502,201.110.103.85,/search?q=ai,Bad Gateway
2025-10-09T19:54:13Z,503,39.38.120.7,/search?q=ai,Service Unavailable
2025-11-05T23:11:45Z,200,191.155.221.198,/settings,
2025-10-30T20:03:32Z,200,132.213.119.8,/api/data,
2025-10-15T21:09:14Z,200,127.163.11.41,/index.html,
2025-10-09T13:43:40Z,301,178.53.161.151,/blog/post1,
2025-10-08T05:01:51Z,301,99.82.100.230,/api/login,
2025-10-15T22:33:27Z,302,187.234.132.147,/index.html,
2025-10-10T06:33:47Z,200,63.113.97.153,/api/data,
2025-11-04T09:55:34Z,200,17.77.32.248,/api/logout,
2025-10-19T21:47:36Z,200,136.65.10.102,/api/login,
2025-10-12T02:53:56Z,404,39.10.13.117,/blog/post1,Not Found
2025-10-26T11:22:11Z,403,74.122.129.39,/api/logout,Forbidden
2025-10-25T09:50:27Z,200,144.169.232.82,/api/login,
2025-10-27T08:25:22Z,200,42.243.103.125,/checkout,
2025-10-17T09:11:20Z,502,105.105.50.178,/contact,Bad Gateway
2025-10-08T07:19:05Z,404,13.172.59.228,/blog/post1,Not Found
2025-10-18T14:25:39Z,302,120.172.16.124,/blog,
2025-10-21T20:12:08Z,200,71.123.37.83,/api/logout,
2025-10-11T23:08:19Z,403,103.57.250.181,/blog,Forbidden
2025-10-22T10:34:09Z,200,76.177.252.30,/dashboard,
2025-10-30T18:33:07Z,200,56.135.79.24,/settings,
2025-10-28T06:01:26Z,200,107.20.242.67,/search?q=ai,
2025-10-30T23:30:26Z,200,77.60.190.145,/products,
2025-10-13T01:20:07Z,200,32.115.202.110,/search?q=ai,
2025-10-07T13:51:46Z,401,122.190.177.101,/search?q=ai,Unauthorized
2025-10-29T21:01:23Z,301,41.224.111.211,/api/data,
2025-10-09T22:56:50Z,200,68.184.112.190,/index.html,
2025-10-17T23:02:51Z,200,185.76.59.15,/index.html,
2025-10-21T01:00:35Z,200,166.44.92.3,/api/data,
2025-10-27T10:20:59Z,400,24.134.231.140,/api/logout,Bad Request
2025-11-05T02:17:11Z,200,141.187.180.250,/blog/post1,
2025-10-10T10:50:07Z,200,99.125.13.139,/products/2,
2025-10-19T02:18:39Z,200,159.237.28.86,/api/login,
2025-10-10T05:01:23Z,301,15.87.90.188,/blog/post1,
2025-11-04T22:50:29Z,403,68.76.47.97,/api/login,Forbidden
2025-10-27T21:14:46Z,200,214.225.183.41,/search?q=ai,
2025-10-21T02:15:28Z,401,104.171.96.207,/products/1,Unauthorized
2025-10-11T18:48:38Z,200,159.34.100.144,/dashboard,
2025-10-20T06:32:07Z,200,113.149.92.152,/search?q=ai,
2025-11-05T08:40:34Z,200,25.231.162.192,/api/data,
2025-10-17T10:01:31Z,301,217.78.143.208,/blog,
2025-10-23T07:25:40Z,200,18.223.204.19,/blog,
2025-11-03T12:33:01Z,200,123.90.125.159,/index.html,
2025-10-20T18:45:15Z,301,51.137.244.33,/api/data,
2025-10-09T00:54:08Z,200,165.51.201.13,/products,
2025-10-24T09:03:22Z,404,27.52.78.157,/api/logout,Not Found
2025-10-09T23:18:29Z,404,96.126.87.160,/api/data,Not Found
2025-10-07T11:47:44Z,200,201.124.3.40,/api/data,
2025-10-31T06:49:52Z,200,28.114.148.36,/checkout,
2025-10-29T01:34:32Z,500,83.5.45.44,/search?q=ai,Internal Server Error
2025-11-04T07:46:22Z,404,94.210.69.30,/about,Not Found
2025-10-28T02:49:33Z,200,196.224.235.158,/dashboard,
2025-10-26T12:48:08Z,200,81.184.31.4,/blog/post1,
2025-10-29T09:48:36Z,200,218.89.126.97,/index.html,
2025-10-21T16:51:27Z,502,71.52.255.223,/dashboard,Bad Gateway
2025-10-24T03:36:20Z,200,126.1.82.170,/api/data,
2025-10-23T12:40:58Z,404,21.158.160.104,/api/logout,Not Found
2025-11-02T22:04:58Z,200,97.46.88.12,/settings,
2025-10-27T13:45:25Z,302,71.126.194.187,/blog/post2,
2025-10-28T01:54:42Z,200,52.167.253.217,/index.html,
2025-10-08T17:40:22Z,403,94.135.199.197,/index.html,Forbidden
2025-10-22T09:26:19Z,200,197.208.40.142,/products,
2025-10-15T16:15:31Z,400,43.33.191.178,/dashboard,Bad Request
2025-11-03T21:18:03Z,404,15.87.246.14,/products,Not Found
2025-10-11T18:44:58Z,400,152.169.7.25,/blog,Bad Request
2025-10-26T21:55:54Z,302,45.23.80.137,/contact,
2025-10-18T14:24:15Z,200,182.232.65.125,/blog/post2,
2025-11-04T21:23:45Z,302,201.123.250.112,/blog/post2,
2025-10-27T21:10:59Z,200,16.88.88.114,/blog/post2,
2025-11-01T04:21:21Z,200,64.106.95.71,/api/login,
2025-10-25T07:10:10Z,302,50.84.138.110,/index.html,
2025-10-11T19:53:42Z,200,163.41.72.14,/products,
2025-10-20T18:10:25Z,401,91.61.1.143,/blog,Unauthorized
2025-10-27T10:54:29Z,400,85.33.156.39,/search?q=ai,Bad Request
2025-10-16T01:24:34Z,404,156.236.254.157,/products,Not Found
2025-10-29T16:01:52Z,404,56.41.122.168,/blog,Not Found
2025-10-29T14:37:47Z,401,60.22.133.119,/blog/post1,Unauthorized
2025-11-04T15:21:56Z,200,24.228.131.239,/api/data,
2025-10-18T07:09:55Z,401,70.8.7.59,/products,Unauthorized
2025-10-16T15:58:23Z,200,11.245.151.72,/index.html,
2025-11-03T06:31:04Z,401,145.251.80.179,/settings,Unauthorized
2025-10-26T23:58:49Z,301,91.71.10.42,/about,
2025-10-22T04:32:42Z,404,186.222.93.66,/products,Not Found
2025-10-14T17:41:20Z,200,214.199.210.66,/index.html,
2025-10-11T09:29:44Z,401,123.214.195.204,/products/2,Unauthorized
2025-10-20T02:55:01Z,200,194.114.231.125,/search?q=ai,
2025-10-12T16:06:51Z,503,123.151.239.116,/contact,Service Unavailable
2025-10-11T09:32:10Z,301,119.129.146.209,/about,
2025-10-28T07:06:17Z,200,171.128.44.100,/products/2,
2025-10-08T04:45:19Z,200,189.28.24.89,/search?q=ai,
2025-10-17T09:57:17Z,401,114.213.79.52,/api/data,Unauthorized
2025-11-05T10:32:10Z,302,49.83.178.196,/products/1,
2025-11-05T12:31:35Z,200,59.133.71.242,/about,
2025-10-31T03:35:19Z,400,37.146.190.146,/search?q=ai,Bad Request
2025-10-13T06:41:15Z,200,176.80.225.143,/blog/post2,
2025-11-03T15:51:14Z,200,168.73.155.129,/contact,
2025-10-17T23:02:49Z,200,209.224.94.16,/api/logout,
2025-10-14T05:19:37Z,401,197.80.248.204,/api/logout,Unauthorized
2025-10-23T15:44:01Z,401,67.201.114.130,/api/logout,Unauthorized
2025-10-26T09:25:35Z,301,153.114.95.150,/blog,
2025-10-30T11:04:29Z,200,80.247.155.218,/api/login,
2025-10-14T17:10:53Z,403,65.174.7.89,/blog/post2,Forbidden
2025-10-28T23:07:18Z,401,87.26.36.29,/blog/post1,Unauthorized
2025-10-13T05:50:28Z,200,153.17.79.144,/blog/post2,
2025-10-17T03:37:10Z,200,206.17.121.252,/index.html,
2025-10-12T08:17:18Z,200,153.242.233.96,/search?q=ai,
2025-11-01T09:36:47Z,401,171.46.195.219,/search?q=ai,Unauthorized
2025-10-22T13:54:35Z,200,179.136.62.39,/products/1,
2025-10-15T14:55:46Z,200,155.230.29.29,/api/logout,
2025-10-12T02:16:05Z,200,215.61.43.163,/dashboard,
2025-11-02T15:40:44Z,200,222.171.119.63,/checkout,
2025-10-14T16:02:16Z,200,141.186.188.58,/products,
2025-10-26T21:12:03Z,503,23.218.9.155,/contact,Service Unavailable
2025-11-01T15:07:26Z,200,22.39.217.19,/index.html,
2025-10-07T13:50:27Z,404,105.73.167.135,/api/data,Not Found
2025-10-11T14:18:22Z,302,81.138.167.75,/index.html,
2025-10-29T10:04:21Z,500,112.20.131.117,/api/logout,Internal Server Error
2025-11-01T22:54:57Z,400,177.175.178.74,/contact,Bad Request
2025-10-10T19:51:56Z,200,86.42.115.1,/about,
2025-10-12T17:16:01Z,200,71.148.130.36,/api/data,
2025-10-26T16:52:25Z,302,48.42.10.237,/dashboard,
2025-10-09T13:43:50Z,200,105.86.154.135,/api/logout,
2025-10-11T13:47:04Z,200,112.6.76.73,/search?q=ai,
2025-11-03T03:23:42Z,200,86.30.66.212,/blog/post1,
2025-10-19T01:14:56Z,200,219.231.130.141,/about,
2025-10-31T23:01:59Z,200,25.212.134.48,/products/1,
2025-10-19T00:02:47Z,200,210.89.128.216,/blog/post2,
2025-10-08T03:46:49Z,500,134.154.210.28,/blog/post2,Internal Server Error
2025-10-30T02:21:19Z,200,204.208.98.230,/settings,
2025-10-12T13:47:08Z,200,46.87.34.232,/contact,
2025-10-22T08:44:09Z,401,206.142.239.52,/products,Unauthorized
2025-10-23T13:55:09Z,400,184.32.240.116,/products/1,Bad Request
2025-10-26T18:05:41Z,401,152.58.131.182,/checkout,Unauthorized
2025-10-26T15:00:21Z,200,55.242.75.74,/about,
2025-10-14T20:28:43Z,200,98.240.15.189,/api/data,
2025-10-30T15:50:06Z,404,164.25.209.46,/api/logout,Not Found
2025-10-26T08:04:04Z,200,221.58.70.63,/search?q=ai,
2025-10-23T06:42:35Z,200,166.246.22.146,/about,
2025-10-14T10:36:22Z,200,20.112.171.109,/checkout,
2025-10-25T18:08:50Z,302,126.217.215.189,/search?q=ai,
2025-10-10T10:47:38Z,200,44.165.100.219,/api/login,
2025-10-12T08:53:13Z,404,31.42.171.179,/products/1,Not Found
2025-10-09T01:34:23Z,200,116.60.200.201,/settings,
2025-10-17T11:32:02Z,200,150.102.152.130,/blog/post1,
2025-11-01T14:51:21Z,404,171.43.32.103,/products,Not Found
2025-10-09T19:05:48Z,200,164.195.96.70,/api/data,
2025-11-02T10:21:20Z,400,110.239.253.92,/settings,Bad Request
2025-10-20T15:03:34Z,400,140.200.171.194,/api/logout,Bad Request
2025-10-10T16:04:27Z,301,140.21.246.232,/api/data,
2025-11-03T14:48:39Z,200,218.86.99.210,/contact,
2025-10-25T11:36:36Z,302,179.185.240.133,/settings,
2025-10-09T06:41:29Z,500,61.110.72.149,/settings,Internal Server Error
2025-10-08T18:42:25Z,200,216.235.16.10,/settings,
2025-10-17T19:12:32Z,200,61.122.10.7,/products/2,
2025-10-26T05:03:34Z,403,15.189.1.181,/dashboard,Forbidden
2025-10-22T11:17:52Z,301,144.18.51.197,/index.html,
2025-10-23T20:47:44Z,200,34.39.104.97,/checkout,
2025-11-03T17:33:24Z,301,172.207.86.192,/checkout,
2025-11-02T04:10:47Z,200,104.9.89.222,/about,
2025-10-09T06:43:44Z,200,127.227.55.235,/products/2,
2025-11-04T01:37:25Z,200,34.42.60.48,/index.html,
2025-11-06T01:09:56Z,400,172.136.170.61,/blog/post2,Bad Request
2025-10-11T00:35:47Z,200,145.59.7.167,/products/2,
2025-10-22T19:23:19Z,200,196.193.78.12,/products,
2025-10-28T00:22:33Z,401,118.130.14.119,/search?q=ai,Unauthorized
2025-10-18T07:52:47Z,401,100.207.163.253,/products/2,Unauthorized
2025-10-22T15:53:20Z,200,32.157.185.61,/blog/post2,
2025-10-25T00:03:11Z,404,90.46.143.35,/api/logout,Not Found
2025-10-14T18:41:55Z,200,17.73.21.91,/blog/post2,
2025-10-31T19:52:19Z,500,48.113.99.88,/checkout,Internal Server Error
2025-10-17T05:17:26Z,200,123.192.150.79,/index.html,
2025-10-20T15:00:16Z,200,58.100.227.205,/search?q=ai,
2025-10-26T19:54:16Z,200,19.206.0.64,/blog,
2025-10-20T14:00:39Z,200,29.147.136.61,/about,
2025-11-03T02:55:29Z,403,70.125.241.255,/products,Forbidden
2025-10-27T16:09:15Z,404,203.149.23.127,/blog/post1,Not Found
2025-10-09T10:17:20Z,404,221.12.50.88,/api/login,Not Found
2025-10-20T11:21:59Z,200,100.65.251.250,/products/2,
2025-10-22T03:43:59Z,200,76.254.59.97,/blog/post1,
2025-10-11T12:01:49Z,500,219.232.80.103,/index.html,Internal Server Error
2025-10-17T08:59:39Z,200,86.113.20.219,/blog/post2,
2025-10-29T04:22:07Z,200,56.60.49.152,/contact,
2025-11-01T10:58:31Z,302,94.131.9.5,/dashboard,
2025-10-25T00:32:37Z,200,21.8.142.236,/about,
2025-11-05T00:04:36Z,200,43.122.61.193,/about,
2025-10-17T01:54:16Z,400,83.98.65.140,/products/1,Bad Request
2025-11-03T16:57:50Z,200,171.182.196.250,/products/2,
2025-11-01T16:45:05Z,403,12.22.28.234,/dashboard,Forbidden
2025-10-23T04:57:16Z,200,17.38.148.100,/api/login,
2025-10-19T10:39:11Z,200,29.221.105.183,/products/1,
2025-10-11T13:11:09Z,200,159.85.52.246,/blog/post2,
2025-10-26T00:17:38Z,302,85.235.99.228,/api/logout,
2025-10-21T08:28:54Z,404,108.41.94.139,/blog/post1,Not Found
2025-10-12T22:31:37Z,200,96.137.226.107,/index.html,
2025-10-15T11:44:30Z,403,44.56.194.0,/contact,Forbidden
2025-10-29T07:33:30Z,301,188.51.83.235,/products/1,
2025-11-04T11:48:33Z,200,202.22.140.144,/api/login,
2025-11-05T22:49:44Z,301,12.68.46.103,/blog,
2025-10-26T00:03:42Z,200,140.89.116.62,/index.html,
2025-11-05T06:04:06Z,200,70.109.201.201,/dashboard,
2025-10-25T18:23:08Z,200,141.20.7.232,/products/2,
2025-10-31T10:28:58Z,404,40.122.56.71,/blog/post2,Not Found
2025-11-04T00:47:10Z,200,37.216.139.59,/products/1,
2025-11-03T05:32:13Z,401,181.137.53.40,/settings,Unauthorized
2025-10-19T08:26:18Z,302,28.1.21.250,/api/login,
2025-10-10T21:45:36Z,200,46.14.234.188,/products/2,
2025-10-30T11:01:03Z,200,184.94.89.18,/blog,
2025-10-27T17:43:22Z,200,77.58.69.9,/api/logout,
2025-10-12T00:04:25Z,200,183.65.112.197,/products/2,
2025-11-02T17:17:34Z,302,125.148.221.18,/blog,
2025-10-15T14:33:42Z,200,141.48.39.72,/contact,
2025-10-27T07:38:44Z,403,183.192.149.7,/api/data,Forbidden
2025-10-22T14:47:52Z,200,17.158.247.96,/search?q=ai,
2025-10-23T20:10:40Z,403,83.127.121.128,/products/2,Forbidden
2025-10-16T16:24:05Z,401,108.153.131.225,/products/2,Unauthorized
2025-10-09T14:27:54Z,302,21.0.45.183,/blog,
2025-10-13T14:32:42Z,403,182.166.124.98,/dashboard,Forbidden
2025-11-04T18:16:33Z,200,39.106.191.82,/dashboard,
2025-10-14T16:44:57Z,200,171.187.251.105,/settings,
2025-10-09T19:32:38Z,403,217.76.166.174,/api/logout,Forbidden
2025-10-16T22:07:49Z,301,182.246.225.229,/blog/post2,
2025-10-10T15:18:06Z,200,127.224.112.76,/settings,
2025-10-29T09:22:25Z,500,214.92.119.233,/checkout,Internal Server Error
2025-10-22T16:34:17Z,200,209.225.72.141,/blog/post2,
2025-10-25T12:48:40Z,401,219.131.182.177,/about,Unauthorized
2025-10-19T00:58:16Z,200,216.16.151.142,/contact,
2025-10-20T12:17:21Z,400,134.231.185.231,/blog/post2,Bad Request
2025-11-04T05:22:27Z,200,133.102.221.9,/about,
2025-11-01T11:32:06Z,200,72.11.36.140,/api/data,
2025-10-15T20:57:55Z,404,61.96.190.207,/api/logout,Not Found
2025-10-08T17:30:08Z,200,33.228.110.81,/blog,
2025-10-18T17:07:04Z,200,173.185.87.88,/blog/post1,
2025-10-21T03:17:50Z,200,144.112.85.4,/blog,
2025-11-04T09:43:40Z,503,47.187.98.246,/search?q=ai,Service Unavailable
2025-10-22T04:57:44Z,200,134.50.13.20,/blog/post2,
2025-10-25T15:21:38Z,400,80.139.140.219,/blog/post1,Bad Request
2025-10-19T15:34:32Z,200,184.85.92.109,/api/logout,
2025-10-28T05:21:22Z,200,156.171.99.253,/settings,
2025-10-16T22:54:48Z,200,62.52.7.63,/about,
2025-10-22T09:34:00Z,503,15.25.160.117,/index.html,Service Unavailable
2025-10-14T19:34:35Z,200,70.17.30.24,/contact,
2025-10-29T22:52:35Z,200,183.135.211.21,/checkout,
2025-10-15T15:53:22Z,200,170.114.21.182,/index.html,
2025-10-30T09:14:00Z,502,198.128.228.49,/products/1,Bad Gateway
2025-11-05T06:30:19Z,400,166.254.36.2,/api/logout,Bad Request
2025-10-10T19:46:00Z,301,220.53.239.8,/dashboard,
2025-10-14T18:33:02Z,200,206.191.22.59,/contact,
2025-10-11T13:53:35Z,200,60.116.8.46,/checkout,
2025-10-30T01:45:28Z,200,209.146.124.178,/products/1,
2025-10-08T01:55:54Z,500,157.65.232.84,/products/1,Internal Server Error
2025-10-13T09:14:00Z,200,62.124.193.89,/contact,
2025-10-30T11:38:18Z,403,15.133.89.167,/blog/post2,Forbidden
2025-10-12T16:14:31Z,401,117.14.45.57,/blog/post1,Unauthorized
2025-10-19T00:44:10Z,200,86.168.54.110,/blog,
2025-10-19T03:46:44Z,200,208.91.162.153,/settings,
2025-10-16T01:44:36Z,404,78.90.184.152,/products/2,Not Found
2025-10-17T02:05:16Z,200,58.43.132.9,/api/data,
2025-11-04T00:10:08Z,200,191.102.161.142,/api/login,
2025-10-21T22:29:28Z,500,180.12.4.173,/api/data,Internal Server Error
2025-10-14T17:17:26Z,302,18.254.182.144,/dashboard,
2025-10-18T21:43:26Z,200,133.24.39.2,/api/data,
2025-10-09T14:32:18Z,200,56.80.2.103,/index.html,
2025-10-10T08:15:34Z,200,71.82.76.142,/products/2,
2025-11-03T10:16:19Z,200,109.30.98.80,/api/logout,
2025-10-23T15:58:16Z,404,145.151.55.254,/blog/post1,Not Found
2025-10-27T17:18:36Z,200,117.28.110.87,/index.html,
2025-10-15T09:42:24Z,200,78.39.27.197,/dashboard,
2025-10-08T13:37:25Z,200,160.158.53.89,/blog,
2025-11-03T06:10:44Z,502,132.70.123.215,/blog,Bad Gateway
2025-10-25T09:54:45Z,200,139.214.154.139,/api/data,
2025-10-11T12:16:12Z,403,199.122.205.245,/api/login,Forbidden
2025-10-27T08:40:37Z,302,21.183.56.198,/api/logout,
2025-10-24T18:31:44Z,200,140.52.162.133,/dashboard,
2025-10-29T06:47:39Z,404,49.235.231.30,/checkout,Not Found
2025-10-23T06:13:27Z,403,94.44.103.251,/products/1,Forbidden
2025-10-28T19:18:40Z,200,57.83.227.58,/settings,
2025-10-10T05:26:16Z,200,45.208.126.175,/api/login,
2025-10-25T01:45:44Z,503,128.201.184.150,/products/2,Service Unavailable
2025-10-07T21:48:05Z,404,52.152.120.142,/api/login,Not Found
2025-10-18T06:22:30Z,200,147.6.155.145,/products,
2025-10-22T02:35:13Z,200,64.23.173.46,/checkout,
2025-10-28T07:42:33Z,302,141.60.235.5,/blog/post1,
2025-10-17T08:01:37Z,200,126.188.88.159,/products/1,
2025-10-31T09:59:17Z,200,217.11.29.220,/api/login,
2025-10-31T02:06:48Z,200,116.94.164.240,/index.html,
2025-10-11T18:48:16Z,301,20.165.13.218,/blog/post1,
2025-10-10T08:14:09Z,200,220.148.35.203,/about,
2025-10-19T20:41:01Z,503,173.107.228.153,/index.html,Service Unavailable
2025-10-13T06:51:08Z,302,16.159.241.114,/blog,
2025-10-21T03:29:20Z,200,178.236.116.122,/checkout,
2025-10-15T14:59:39Z,302,180.246.8.16,/contact,
2025-10-25T10:26:47Z,401,34.149.19.60,/api/data,Unauthorized
2025-10-11T07:07:13Z,200,34.80.142.153,/api/login,
2025-10-22T20:08:40Z,200,187.213.201.219,/products,
2025-10-31T11:59:30Z,401,60.52.141.109,/contact,Unauthorized
2025-10-31T13:09:19Z,200,36.113.193.200,/index.html,
2025-10-23T17:10:29Z,301,53.67.81.202,/dashboard,
2025-10-27T18:11:22Z,200,123.253.140.232,/blog,
2025-10-23T02:53:17Z,200,83.92.220.177,/index.html,
2025-10-19T05:55:02Z,404,132.146.204.15,/products,Not Found
2025-11-04T14:58:43Z,200,134.53.118.163,/contact,
2025-10-24T17:28:31Z,404,119.136.52.16,/products/2,Not Found
2025-11-03T19:37:08Z,503,201.106.189.102,/api/data,Service Unavailable
2025-11-04T12:55:53Z,200,51.142.241.130,/contact,
2025-10-25T22:14:31Z,200,102.102.187.48,/blog,
2025-10-16T11:05:29Z,301,126.216.207.23,/dashboard,
2025-11-03T06:53:05Z,200,49.119.72.160,/settings,
2025-10-13T21:53:43Z,400,161.138.226.161,/blog/post2,Bad Request
2025-10-18T06:15:35Z,200,15.237.115.14,/blog/post1,
2025-11-04T09:57:03Z,404,16.119.111.125,/products/1,Not Found
2025-10-23T14:00:13Z,200,195.210.238.175,/contact,
2025-10-20T05:50:13Z,200,206.142.124.223,/checkout,
2025-11-03T01:42:10Z,200,171.201.38.89,/blog,
2025-10-27T16:17:07Z,403,116.215.152.166,/dashboard,Forbidden
2025-10-29T15:43:54Z,200,36.246.165.39,/index.html,
2025-10-22T12:38:33Z,200,200.197.233.105,/api/logout,
2025-10-28T04:09:19Z,302,34.49.173.203,/api/data,
2025-10-15T09:16:35Z,404,187.128.209.19,/settings,Not Found
2025-10-12T00:54:26Z,401,77.118.191.5,/api/login,Unauthorized
2025-10-19T03:07:38Z,200,185.22.32.203,/dashboard,
2025-11-01T16:08:24Z,302,84.209.62.165,/api/login,
2025-11-03T21:15:21Z,200,15.56.210.82,/api/login,
2025-10-15T21:53:42Z,200,76.10.49.227,/about,
2025-10-29T11:48:00Z,200,166.59.152.50,/products/1,
2025-10-14T07:49:21Z,200,104.170.245.34,/blog/post2,
2025-10-18T20:47:49Z,404,36.255.83.240,/settings,Not Found
2025-10-18T15:04:41Z,200,141.63.52.19,/about,
2025-10-29T10:52:43Z,403,182.111.149.169,/about,Forbidden
2025-10-27T08:12:51Z,200,87.117.150.23,/blog/post2,
2025-11-02T08:38:04Z,404,51.96.250.124,/api/logout,Not Found
2025-10-31T09:37:24Z,301,151.107.4.141,/search?q=ai,
2025-10-11T08:37:27Z,200,161.158.232.64,/blog,
2025-10-07T08:31:47Z,403,135.234.228.199,/checkout,Forbidden
2025-10-27T21:45:54Z,400,142.136.237.104,/settings,Bad Request
2025-11-03T15:06:31Z,301,197.78.238.106,/checkout,
2025-10-11T19:47:31Z,404,202.174.133.12,/settings,Not Found
2025-10-22T15:07:07Z,301,62.99.250.179,/contact,
2025-11-01T08:44:47Z,401,98.69.241.114,/products/2,Unauthorized
2025-10-11T17:42:09Z,200,30.166.151.15,/products/1,
2025-11-04T21:02:06Z,400,89.147.47.25,/about,Bad Request
2025-10-27T14:58:05Z,404,124.185.46.49,/about,Not Found
2025-10-14T14:39:58Z,200,21.68.106.125,/blog/post2,
2025-10-25T15:50:24Z,200,189.229.64.117,/settings,
2025-10-28T16:00:29Z,200,147.53.85.4,/blog,
2025-10-10T23:07:32Z,400,115.188.18.25,/settings,Bad Request
2025-10-31T02:10:43Z,302,88.192.116.254,/products/1,
2025-10-22T07:24:58Z,200,100.12.108.78,/search?q=ai,
2025-10-17T20:29:39Z,200,77.76.56.148,/products/2,
2025-10-26T09:35:17Z,401,54.48.24.246,/contact,Unauthorized
2025-10-28T18:52:12Z,200,43.16.48.206,/settings,
2025-10-24T15:55:41Z,200,94.9.237.40,/api/logout,
2025-10-13T11:16:59Z,400,46.224.152.52,/about,Bad Request
2025-10-12T14:24:26Z,400,118.13.31.215,/index.html,Bad Request
2025-10-09T13:37:52Z,200,162.57.117.255,/dashboard,
2025-10-24T01:35:14Z,200,129.58.157.80,/products,
2025-10-10T09:08:57Z,401,190.133.206.23,/api/login,Unauthorized
2025-10-11T10:17:12Z,302,91.6.178.164,/settings,
2025-10-23T21:43:30Z,200,59.90.219.89,/settings,
2025-10-10T07:20:06Z,200,157.28.109.68,/about,
2025-10-26T18:01:54Z,200,69.12.227.89,/search?q=ai,
2025-10-16T16:47:44Z,403,140.186.239.243,/blog/post2,Forbidden
2025-10-12T08:32:13Z,200,99.52.217.41,/search?q=ai,
2025-11-05T03:08:15Z,200,20.190.230.54,/blog/post2,
2025-10-28T17:14:47Z,301,198.81.168.81,/contact,
2025-10-22T18:53:33Z,403,119.116.93.238,/api/logout,Forbidden
2025-10-11T06:27:57Z,200,147.2.254.236,/blog/post1,
2025-10-08T10:03:45Z,200,118.142.20.207,/about,
2025-10-31T07:03:09Z,403,164.60.50.60,/products,Forbidden
2025-10-12T23:53:50Z,200,171.173.229.140,/products,
2025-10-20T23:14:56Z,200,68.151.25.84,/api/logout,
2025-10-25T10:49:11Z,404,195.197.141.238,/products/2,Not Found
2025-10-30T12:03:10Z,200,169.247.112.75,/index.html,
2025-10-28T19:09:15Z,200,87.124.33.201,/index.html,
2025-10-28T08:10:17Z,401,214.52.78.200,/contact,Unauthorized
2025-10-14T12:24:05Z,200,35.126.195.129,/about,
2025-11-04T19:54:09Z,200,109.50.219.97,/blog/post2,
2025-10-16T10:13:20Z,404,138.159.148.191,/search?q=ai,Not Found
2025-11-04T11:09:10Z,200,137.120.131.1,/products/1,
2025-10-26T16:54:59Z,200,222.63.179.142,/products/1,
2025-10-24T20:56:32Z,301,104.0.209.83,/about,
2025-11-05T11:35:01Z,403,116.162.224.234,/api/login,Forbidden
2025-11-01T03:17:56Z,401,89.150.246.91,/api/login,Unauthorized
2025-10-23T03:09:52Z,200,148.182.54.35,/search?q=ai,
2025-11-01T18:45:17Z,200,92.161.252.105,/blog/post1,
2025-10-30T06:30:42Z,301,148.130.69.31,/checkout,
2025-10-20T07:34:55Z,200,79.226.12.86,/blog,
2025-10-20T14:12:29Z,200,67.197.184.109,/blog/post1,
2025-10-30T03:11:32Z,200,16.10.63.194,/api/logout,
2025-10-26T08:03:49Z,200,28.160.217.44,/search?q=ai,
2025-10-13T03:53:47Z,301,46.229.16.119,/index.html,
2025-10-19T05:52:20Z,200,36.176.218.106,/products/1,
2025-10-21T02:19:29Z,200,189.206.155.234,/api/login,
2025-10-17T17:36:57Z,200,62.126.202.89,/dashboard,
2025-11-05T14:58:19Z,200,179.95.160.177,/blog,
2025-11-02T02:23:28Z,200,190.232.85.178,/settings,
2025-10-08T05:52:01Z,401,136.158.75.238,/settings,Unauthorized
2025-10-21T15:27:23Z,302,180.172.78.213,/about,
2025-10-31T22:05:38Z,200,215.75.203.209,/blog,
2025-10-09T14:03:17Z,200,150.172.106.28,/products/2,
2025-10-20T08:46:40Z,200,146.155.85.185,/products,
2025-10-18T06:52:38Z,400,85.215.46.193,/blog/post1,Bad Request
2025-10-25T10:54:03Z,404,111.167.171.243,/search?q=ai,Not Found
2025-10-21T11:58:46Z,404,13.142.202.225,/blog/post1,Not Found
2025-10-13T15:28:12Z,200,13.108.101.177,/index.html,
2025-10-18T01:17:09Z,400,156.64.78.52,/search?q=ai,Bad Request
2025-10-28T20:26:24Z,200,49.195.163.119,/search?q=ai,
2025-10-27T06:33:25Z,200,54.45.78.248,/settings,
2025-11-02T23:56:26Z,404,195.26.146.56,/products/2,Not Found
2025-10-25T09:39:11Z,404,25.137.40.130,/products/2,Not Found
2025-11-06T00:54:10Z,200,31.206.92.113,/api/data,
2025-10-27T04:18:35Z,200,109.149.95.121,/blog,
2025-10-23T10:02:18Z,200,43.60.154.144,/api/login,
2025-10-14T10:00:04Z,502,54.239.62.39,/products/2,Bad Gateway
2025-10-15T11:30:29Z,200,175.156.1.159,/checkout,
2025-10-19T01:18:46Z,200,140.249.124.114,/settings,
2025-10-14T10:18:49Z,200,64.158.217.206,/products/1,
2025-10-18T16:14:54Z,200,192.169.220.231,/settings,
2025-10-07T06:14:36Z,200,123.120.186.213,/products,
2025-10-25T07:39:50Z,403,78.25.123.189,/blog,Forbidden
2025-10-10T19:48:49Z,200,50.64.176.40,/api/logout,
2025-10-28T01:50:19Z,401,196.184.175.148,/blog,Unauthorized
2025-10-16T01:50:44Z,200,15.189.157.47,/settings,
2025-10-30T08:15:10Z,301,63.24.149.29,/contact,
2025-10-25T19:45:21Z,200,76.237.35.28,/products,
2025-10-11T23:16:49Z,200,135.207.28.89,/dashboard,
2025-10-30T20:26:26Z,404,200.203.203.188,/api/logout,Not Found
2025-11-01T00:35:16Z,404,114.81.189.56,/api/data,Not Found
2025-10-17T20:28:14Z,200,22.171.212.151,/api/login,
2025-10-24T13:44:32Z,200,175.17.12.48,/index.html,
2025-10-11T13:04:05Z,200,162.0.201.191,/blog/post1,
2025-11-04T08:23:10Z,200,43.175.172.60,/products/1,
2025-10-30T23:10:53Z,200,81.162.135.138,/contact,
2025-10-08T20:59:56Z,403,67.84.34.165,/contact,Forbidden
2025-10-14T08:14:30Z,200,82.56.133.169,/products/2,
2025-10-23T18:35:06Z,200,220.81.109.39,/api/logout,
2025-10-28T11:19:35Z,502,92.241.242.116,/checkout,Bad Gateway
2025-10-14T09:25:42Z,401,123.98.125.48,/settings,Unauthorized
2025-11-01T17:02:27Z,200,176.115.104.146,/index.html,
2025-10-28T04:10:43Z,200,171.22.88.195,/dashboard,
2025-10-29T16:52:54Z,404,25.143.138.75,/blog/post1,Not Found
2025-10-27T15:18:06Z,200,35.30.91.221,/products,
2025-10-28T23:14:30Z,200,45.57.1.9,/products/2,
2025-10-28T13:22:31Z,200,162.5.13.32,/products/2,
2025-10-26T05:53:48Z,500,198.152.240.13,/index.html,Internal Server Error
2025-10-29T13:10:06Z,400,202.138.178.86,/dashboard,Bad Request
2025-10-31T20:41:35Z,403,184.229.226.129,/blog/post1,Forbidden
2025-10-20T11:57:58Z,404,39.52.139.165,/index.html,Not Found
2025-10-09T15:01:04Z,200,125.209.225.166,/products/1,
2025-10-14T16:38:40Z,301,87.96.147.251,/dashboard,
2025-10-31T01:20:43Z,401,45.132.140.50,/settings,Unauthorized
2025-10-20T00:55:30Z,500,178.158.206.220,/api/login,Internal Server Error
2025-10-15T17:40:23Z,401,110.39.186.66,/products/1,Unauthorized
2025-10-11T07:00:37Z,302,157.141.64.95,/blog/post1,
2025-10-29T01:50:35Z,200,16.236.54.240,/settings,
2025-10-09T11:17:10Z,200,129.43.12.202,/blog,
2025-10-14T05:06:03Z,404,133.38.12.21,/search?q=ai,Not Found
2025-10-13T15:36:27Z,502,79.155.10.233,/products/2,Bad Gateway
2025-10-29T01:19:04Z,200,195.44.32.130,/api/login,
2025-10-12T07:07:28Z,403,17.246.194.246,/settings,Forbidden
2025-10-12T01:13:58Z,401,122.9.109.88,/api/logout,Unauthorized
2025-10-14T09:02:43Z,400,134.203.17.228,/search?q=ai,Bad Request
2025-10-09T19:16:22Z,403,125.201.232.189,/api/data,Forbidden
2025-10-23T09:46:28Z,404,134.188.93.56,/contact,Not Found
2025-10-26T12:03:03Z,200,170.195.155.198,/products/2,
2025-10-26T23:03:27Z,200,81.188.84.162,/search?q=ai,
2025-10-22T22:51:18Z,200,207.202.184.6,/about,
2025-10-09T08:12:32Z,200,69.195.109.117,/blog/post1,
2025-10-18T03:57:57Z,200,109.201.110.75,/search?q=ai,
2025-11-05T20:05:35Z,302,82.188.84.28,/blog/post1,
2025-10-16T23:32:18Z,404,64.126.148.193,/settings,Not Found
2025-11-03T08:29:34Z,403,34.159.236.246,/products/2,Forbidden
2025-10-30T13:32:08Z,200,189.197.18.30,/api/logout,
2025-10-10T00:00:00Z,200,212.150.135.113,/api/logout,
2025-10-12T03:53:25Z,404,187.234.124.243,/products/1,Not Found
2025-10-13T13:38:12Z,200,152.48.53.47,/api/data,
2025-10-14T13:27:59Z,200,183.167.197.241,/products/1,
2025-10-31T13:24:50Z,302,214.233.234.201,/settings,
2025-10-08T14:01:43Z,200,190.235.221.200,/contact,
2025-10-23T09:07:56Z,200,182.67.221.60,/contact,
2025-10-08T00:12:26Z,200,219.129.158.57,/products/1,
2025-10-24T18:12:19Z,302,204.206.173.245,/blog/post2,
2025-10-10T02:56:28Z,200,36.28.201.2,/blog/post2,
2025-10-18T08:16:25Z,200,149.41.39.109,/api/login,
2025-10-25T17:35:57Z,500,150.135.70.4,/contact,Internal Server Error
2025-10-18T10:12:56Z,302,23.210.212.82,/blog,
2025-10-11T07:26:29Z,200,50.191.152.93,/contact,
2025-11-02T04:52:17Z,200,192.102.206.21,/products/1,
2025-10-12T06:35:39Z,200,119.101.210.181,/api/login,
2025-10-10T07:01:36Z,200,71.169.26.150,/blog,
2025-10-08T01:34:45Z,200,135.201.221.213,/contact,
2025-10-20T03:51:03Z,404,202.229.223.46,/api/login,Not Found
2025-10-12T09:46:35Z,404,87.3.194.214,/products/1,Not Found
2025-10-14T16:26:21Z,200,49.119.252.91,/api/logout,
2025-10-16T14:21:41Z,200,111.23.94.91,/api/login,
2025-10-28T09:42:49Z,200,91.139.84.116,/search?q=ai,
2025-10-11T03:58:42Z,200,211.249.72.86,/about,
2025-10-21T13:11:55Z,200,197.194.46.40,/blog,
2025-10-24T09:15:04Z,200,11.42.126.182,/blog/post1,
2025-10-16T03:55:02Z,302,91.127.99.100,/about,
2025-10-11T01:01:29Z,401,208.171.7.210,/about,Unauthorized
2025-11-01T22:45:28Z,200,22.101.22.86,/products,
2025-10-29T20:59:07Z,403,15.101.109.239,/blog/post2,Forbidden
2025-11-06T01:56:10Z,301,177.104.191.120,/api/logout,
2025-10-15T05:52:01Z,200,42.80.104.110,/checkout,
2025-10-10T07:37:58Z,403,174.0.128.225,/about,Forbidden
2025-10-09T16:09:33Z,200,54.24.151.243,/contact,
2025-11-03T20:52:00Z,200,221.89.192.233,/products/1,
2025-10-18T12:52:54Z,200,47.20.7.169,/settings,
2025-10-26T17:30:39Z,401,124.132.56.229,/blog/post1,Unauthorized
2025-10-07T09:17:22Z,200,181.60.253.66,/search?q=ai,
2025-11-02T21:36:00Z,200,210.250.32.169,/checkout,
2025-10-09T09:37:44Z,200,216.115.143.176,/about,
2025-10-18T17:32:47Z,200,18.201.46.84,/checkout,
2025-10-23T11:53:00Z,200,153.131.190.157,/search?q=ai,
2025-10-23T10:52:09Z,200,103.176.31.47,/checkout,
2025-10-18T04:54:48Z,200,43.243.10.95,/contact,
2025-10-20T11:24:19Z,200,189.149.81.156,/products/2,
2025-11-06T03:36:10Z,200,153.245.98.61,/contact,
2025-10-18T07:02:21Z,200,187.156.154.29,/contact,
2025-10-25T12:07:01Z,500,168.71.253.242,/products,Internal Server Error
2025-11-03T08:40:57Z,401,154.69.22.239,/contact,Unauthorized
2025-10-12T21:41:32Z,503,43.250.138.110,/about,Service Unavailable
2025-10-26T17:04:21Z,200,217.152.103.125,/products/1,
2025-10-29T01:06:01Z,200,16.61.164.74,/settings,
2025-10-21T05:15:12Z,200,207.28.214.88,/products/1,
2025-10-31T21:44:44Z,200,70.180.243.206,/contact,
2025-10-16T16:10:50Z,200,200.103.108.154,/api/login,
2025-10-31T07:44:25Z,200,201.250.70.176,/products/1,
2025-11-02T13:53:14Z,200,201.136.79.135,/about,
2025-10-28T14:40:08Z,200,172.178.84.189,/contact,
2025-10-23T06:41:27Z,400,96.152.174.134,/products/2,Bad Request
2025-10-29T19:41:58Z,200,220.217.42.154,/settings,
2025-10-07T13:40:17Z,200,11.96.90.191,/contact,
2025-10-10T03:32:48Z,400,131.48.43.152,/products/2,Bad Request
2025-10-23T09:39:27Z,200,13.85.66.196,/settings,
2025-10-09T23:13:21Z,200,66.65.137.212,/api/login,
2025-11-03T14:27:28Z,200,172.49.117.252,/settings,
2025-10-29T22:43:07Z,200,107.165.32.210,/dashboard,
2025-10-25T02:49:25Z,401,206.141.83.221,/blog/post2,Unauthorized
2025-10-22T17:33:46Z,200,20.48.161.234,/about,
2025-10-15T04:40:28Z,302,124.75.117.202,/about,
2025-10-20T03:17:58Z,302,184.2.76.24,/blog/post2,
2025-10-08T16:11:50Z,200,70.177.170.125,/api/data,
2025-10-25T05:54:53Z,401,98.34.126.186,/blog/post1,Unauthorized
2025-10-29T09:38:25Z,200,45.99.235.131,/blog/post1,
2025-10-27T13:43:57Z,200,119.82.156.198,/api/logout,
2025-10-27T14:27:17Z,200,86.1.111.224,/checkout,
2025-10-29T11:12:55Z,403,37.62.53.87,/settings,Forbidden
2025-11-05T13:05:34Z,302,196.78.140.111,/checkout,
2025-10-17T14:51:57Z,404,132.173.215.7,/products/1,Not Found
2025-10-16T14:18:54Z,200,121.86.32.185,/api/data,
2025-10-15T18:09:18Z,200,192.185.42.59,/blog/post1,
2025-10-22T02:20:48Z,200,194.41.189.101,/products/1,
2025-10-30T15:06:23Z,301,60.114.160.15,/contact,
2025-10-25T22:48:47Z,200,82.131.158.136,/settings,
2025-10-08T23:53:47Z,200,147.92.245.50,/index.html,
2025-10-27T08:31:08Z,200,134.248.152.245,/dashboard,
2025-10-14T09:28:42Z,200,65.48.202.95,/index.html,
2025-10-21T20:19:38Z,403,140.99.67.67,/blog,Forbidden
2025-10-10T14:21:26Z,200,60.159.188.20,/checkout,
2025-10-14T19:24:08Z,200,137.27.34.201,/checkout,
2025-10-11T21:45:53Z,200,215.144.201.163,/about,
2025-10-30T07:33:22Z,503,90.254.241.73,/index.html,Service Unavailable
2025-10-28T16:10:00Z,200,131.119.21.45,/about,
2025-10-09T00:45:12Z,200,80.195.81.51,/contact,
2025-10-18T12:22:59Z,301,185.226.41.180,/blog,
2025-10-31T00:58:09Z,200,143.179.177.186,/products,
2025-10-27T03:51:57Z,200,203.56.126.66,/blog,
2025-10-11T11:20:50Z,503,86.22.126.92,/blog/post2,Service Unavailable
2025-10-25T02:03:22Z,200,78.163.199.137,/api/login,
2025-10-25T23:56:40Z,502,106.28.165.156,/products,Bad Gateway
2025-10-27T15:52:12Z,200,178.119.210.12,/api/logout,
2025-10-25T18:55:41Z,404,155.89.87.151,/api/logout,Not Found
2025-10-10T22:43:59Z,301,199.96.175.41,/blog,
2025-10-22T04:34:01Z,502,93.246.82.122,/products/1,Bad Gateway
2025-10-07T07:28:54Z,200,175.233.39.208,/index.html,
2025-10-26T06:28:03Z,301,48.116.121.159,/api/login,
2025-11-03T15:57:57Z,400,168.166.181.55,/blog/post1,Bad Request
2025-10-14T09:36:32Z,403,100.59.125.185,/api/login,Forbidden
2025-10-16T15:31:12Z,200,37.105.125.84,/search?q=ai,
2025-10-29T02:26:18Z,200,204.160.215.141,/api/login,
2025-10-08T23:59:27Z,200,87.70.94.41,/about,
2025-10-16T03:27:10Z,502,144.156.24.41,/products/1,Bad Gateway
2025-10-30T20:15:47Z,200,155.246.156.26,/api/logout,
2025-11-04T19:02:39Z,200,25.228.200.248,/api/data,
2025-10-21T13:18:45Z,200,90.50.178.52,/products,
2025-10-21T18:01:14Z,502,137.213.233.155,/blog,Bad Gateway
2025-10-17T22:49:21Z,200,151.252.74.247,/checkout,
2025-10-26T21:54:19Z,200,176.186.156.23,/products/2,
2025-11-01T04:54:04Z,404,163.101.224.245,/index.html,Not Found
2025-11-01T17:29:34Z,403,97.63.92.147,/products,Forbidden
2025-11-01T02:27:52Z,200,102.210.35.212,/index.html,
2025-10-30T06:37:02Z,200,178.89.88.20,/blog/post2,
2025-10-20T08:02:01Z,302,54.76.88.226,/about,
2025-10-24T21:35:39Z,400,29.63.32.152,/contact,Bad Request
2025-10-16T05:12:50Z,500,66.255.197.203,/blog/post2,Internal Server Error
2025-11-02T05:38:30Z,200,209.47.140.116,/api/login,
2025-11-04T23:58:31Z,200,184.236.64.140,/api/login,
2025-10-09T17:05:53Z,200,169.52.147.72,/about,
2025-10-31T15:27:51Z,200,92.61.15.16,/products/1,
2025-10-23T01:38:23Z,502,19.87.246.184,/blog/post1,Bad Gateway
2025-10-25T21:14:19Z,200,12.221.209.238,/checkout,
2025-10-28T16:29:10Z,302,107.103.154.255,/index.html,
2025-10-08T15:52:17Z,404,51.84.165.131,/checkout,Not Found
2025-10-19T12:56:13Z,200,42.89.175.92,/products/1,
2025-10-20T08:26:10Z,200,94.51.114.125,/api/logout,
2025-10-20T02:12:48Z,200,199.45.247.21,/search?q=ai,
2025-10-16T17:05:13Z,200,38.139.83.162,/products,
2025-10-22T08:41:11Z,403,54.30.226.69,/settings,Forbidden
2025-10-13T10:35:54Z,200,45.202.170.81,/products/1,
2025-10-14T23:37:00Z,200,199.22.118.51,/api/login,
2025-11-01T12:27:52Z,200,188.0.42.160,/api/logout,
2025-10-31T16:00:30Z,200,100.73.5.142,/dashboard,
2025-10-24T12:54:58Z,200,159.123.149.0,/api/login,
2025-10-27T13:14:22Z,302,47.215.206.25,/products/2,
2025-10-19T14:46:48Z,401,72.20.189.72,/contact,Unauthorized
2025-10-18T08:34:28Z,301,158.86.79.82,/settings,
2025-10-16T01:33:13Z,200,134.224.101.211,/products,
2025-10-13T09:50:31Z,200,55.92.158.97,/index.html,
2025-10-12T15:09:53Z,503,93.82.84.65,/api/logout,Service Unavailable
2025-10-15T12:35:06Z,200,204.8.231.70,/blog/post1,
2025-10-28T05:28:47Z,200,110.228.219.141,/api/logout,
2025-10-11T02:33:03Z,200,193.44.49.232,/index.html,
2025-10-19T19:29:22Z,403,160.16.126.150,/api/logout,Forbidden
2025-10-19T00:42:10Z,200,19.27.33.137,/blog/post1,
2025-10-11T16:32:05Z,200,65.249.78.185,/blog,
2025-10-08T14:15:21Z,200,20.250.164.67,/settings,
2025-10-15T10:24:48Z,500,175.59.99.91,/products/2,Internal Server Error
2025-11-03T16:01:01Z,200,16.247.226.55,/blog/post1,
2025-10-15T22:39:53Z,403,186.118.118.98,/index.html,Forbidden
2025-10-19T08:27:49Z,200,194.188.34.102,/api/login,
2025-10-22T19:17:16Z,200,41.87.244.230,/products/2,
2025-10-14T09:08:16Z,502,41.223.11.42,/products/1,Bad Gateway
2025-10-20T15:43:49Z,403,203.54.41.27,/api/data,Forbidden
2025-11-01T00:26:34Z,404,200.47.199.92,/index.html,Not Found
2025-10-17T07:42:32Z,200,164.81.150.203,/products/2,
2025-10-23T13:17:07Z,302,109.193.132.64,/contact,
2025-10-31T20:19:40Z,200,33.188.141.197,/checkout,
2025-10-30T22:37:44Z,200,194.14.233.87,/api/login,
2025-10-14T06:51:10Z,200,122.251.114.195,/index.html,
2025-10-28T03:33:37Z,400,154.91.189.161,/settings,Bad Request
2025-10-14T22:30:39Z,301,222.86.181.2,/api/logout,
2025-10-07T18:11:35Z,200,175.207.191.109,/contact,
2025-10-26T07:28:02Z,200,138.8.117.130,/checkout,
2025-10-20T16:17:40Z,302,78.204.14.69,/api/logout,
2025-10-29T01:14:43Z,301,86.50.177.22,/products,
2025-10-18T12:01:17Z,200,106.223.208.4,/blog,
2025-10-28T08:27:31Z,503,180.221.253.235,/api/login,Service Unavailable
2025-10-16T09:36:38Z,301,120.61.133.237,/settings,
2025-10-25T09:26:57Z,403,77.209.158.95,/search?q=ai,Forbidden
2025-10-10T07:09:44Z,200,214.71.168.66,/dashboard,
2025-10-22T04:02:51Z,200,159.126.171.89,/products,
2025-10-09T13:38:21Z,302,47.129.93.193,/products,
2025-10-30T17:58:25Z,200,119.211.216.150,/blog/post1,
2025-10-20T09:43:34Z,200,212.167.235.161,/api/logout,
2025-10-25T16:37:49Z,200,155.100.162.210,/settings,
2025-10-29T05:13:20Z,200,114.215.70.235,/products,
2025-10-24T13:07:58Z,200,110.214.171.58,/api/login,
2025-10-13T07:17:07Z,200,107.177.201.64,/products,
2025-10-10T01:04:22Z,200,27.224.134.90,/dashboard,
2025-10-15T07:13:58Z,404,111.244.139.213,/products,Not Found
2025-10-17T13:39:39Z,403,57.166.69.230,/settings,Forbidden
2025-10-19T18:47:37Z,200,34.47.201.129,/checkout,
2025-10-26T11:00:37Z,301,202.159.165.163,/dashboard,
2025-10-13T08:08:16Z,200,195.60.178.55,/products/1,
2025-11-04T04:50:04Z,400,56.142.87.172,/settings,Bad Request
2025-11-02T06:06:14Z,200,129.61.30.29,/api/logout,
2025-10-15T17:42:24Z,200,20.239.129.168,/blog/post2,
2025-10-23T22:40:03Z,200,148.239.201.20,/blog/post1,
2025-10-14T01:06:45Z,200,136.21.97.239,/blog,
2025-11-05T13:48:45Z,401,86.125.230.64,/checkout,Unauthorized
2025-10-13T15:09:43Z,200,179.105.118.46,/checkout,
2025-11-04T19:18:18Z,200,100.175.7.142,/api/logout,
2025-10-08T14:57:09Z,200,161.51.129.161,/blog/post1,
2025-10-21T03:59:42Z,200,75.105.61.165,/products/2,
2025-10-14T13:59:03Z,301,53.143.157.165,/blog/post1,
2025-10-20T02:58:58Z,400,95.109.25.156,/api/logout,Bad Request
2025-10-13T08:27:33Z,200,96.0.147.127,/index.html,
2025-10-30T23:24:11Z,404,164.216.249.77,/index.html,Not Found
2025-10-24T11:35:47Z,200,85.40.165.52,/api/data,
2025-10-22T06:42:13Z,401,109.101.202.49,/blog,Unauthorized
2025-10-15T22:10:32Z,404,137.255.159.66,/blog/post1,Not Found
2025-10-10T16:28:41Z,302,198.164.99.235,/contact,
2025-10-24T13:55:10Z,503,126.206.206.98,/blog/post1,Service Unavailable
2025-11-05T16:27:05Z,404,156.49.91.137,/api/logout,Not Found
2025-10-23T01:48:36Z,200,125.65.207.205,/checkout,
2025-11-01T10:08:27Z,403,204.216.39.69,/about,Forbidden
2025-10-19T19:13:24Z,401,113.246.48.144,/products/1,Unauthorized
2025-10-14T05:41:47Z,200,105.218.44.228,/api/login,
2025-10-19T14:33:30Z,200,67.163.6.221,/api/data,
2025-10-22T00:45:24Z,200,182.219.163.225,/about,
2025-10-22T13:29:53Z,200,78.240.236.126,/blog/post1,
2025-10-11T17:26:09Z,403,164.33.48.216,/search?q=ai,Forbidden
2025-10-12T08:38:33Z,200,168.191.34.210,/search?q=ai,
2025-10-21T15:56:45Z,200,181.9.147.154,/blog/post2,
2025-10-31T06:29:05Z,403,81.108.105.108,/blog,Forbidden
2025-10-21T03:54:48Z,200,165.6.6.12,/blog/post1,
2025-10-28T07:02:13Z,200,176.120.62.144,/about,
2025-10-17T23:12:03Z,200,85.225.124.101,/blog,
2025-11-04T17:22:35Z,200,83.229.193.94,/api/data,
2025-10-14T15:20:28Z,200,15.104.139.219,/blog,
2025-10-26T05:07:52Z,200,202.79.133.168,/about,
2025-10-10T12:01:50Z,200,101.31.18.43,/api/logout,
2025-10-09T01:52:34Z,200,144.17.211.113,/api/login,
2025-10-28T11:51:40Z,200,108.150.25.104,/api/data,
2025-10-23T09:37:55Z,200,21.32.136.167,/about,
2025-10-23T02:30:49Z,200,182.150.3.160,/blog/post2,
2025-10-23T01:36:23Z,400,96.191.216.207,/checkout,Bad Request
2025-10-14T06:36:29Z,302,86.119.91.243,/dashboard,
2025-10-29T10:53:13Z,403,201.30.12.115,/index.html,Forbidden
2025-10-11T03:11:53Z,200,17.50.249.152,/products/2,
2025-10-18T02:45:28Z,500,186.37.151.14,/api/logout,Internal Server Error
2025-10-12T03:36:46Z,200,87.42.100.145,/api/data,
2025-10-12T12:21:04Z,200,137.134.123.6,/dashboard,
2025-10-08T15:00:04Z,500,96.142.15.80,/api/login,Internal Server Error
2025-10-21T08:31:08Z,401,90.176.128.204,/products,Unauthorized
2025-10-24T19:19:16Z,200,127.184.50.72,/products/1,
2025-10-29T17:07:50Z,200,73.180.98.40,/settings,
2025-10-27T11:40:59Z,200,164.188.187.218,/api/data,
2025-10-13T21:06:40Z,200,204.55.191.230,/blog/post2,
2025-10-25T15:52:10Z,301,72.188.34.96,/products,
2025-10-08T16:40:20Z,404,14.216.208.60,/search?q=ai,Not Found
2025-10-12T21:56:32Z,200,142.60.118.49,/api/logout,
2025-10-16T12:33:36Z,503,99.228.252.235,/about,Service Unavailable
2025-11-03T09:37:28Z,404,200.10.210.169,/api/logout,Not Found
2025-10-10T18:00:26Z,404,163.212.128.179,/api/logout,Not Found
2025-10-24T06:37:34Z,302,20.25.163.253,/api/login,
2025-11-06T01:40:06Z,404,184.242.197.190,/checkout,Not Found
2025-11-02T04:50:52Z,302,217.156.112.53,/products/2,
2025-10-13T22:31:54Z,200,134.177.90.141,/products/1,
2025-10-14T07:50:26Z,200,100.0.218.111,/api/logout,
2025-10-17T16:10:27Z,200,78.146.26.199,/products/1,
2025-10-16T17:52:47Z,200,214.208.136.71,/api/data,
2025-10-19T06:10:10Z,400,83.219.208.186,/search?q=ai,Bad Request
2025-11-01T00:33:24Z,503,189.164.178.94,/dashboard,Service Unavailable
2025-10-19T22:16:02Z,503,43.147.122.179,/about,Service Unavailable
2025-10-27T11:17:37Z,200,214.72.12.235,/blog/post2,
2025-10-24T00:58:15Z,200,146.197.144.185,/about,
2025-10-19T21:25:33Z,400,85.239.169.243,/api/data,Bad Request
2025-10-22T20:15:36Z,200,215.75.214.53,/blog/post2,
2025-10-13T14:01:36Z,400,133.40.74.231,/search?q=ai,Bad Request
2025-10-19T10:53:12Z,400,42.85.9.38,/settings,Bad Request
2025-10-30T03:06:22Z,200,81.58.119.217,/products/2,
2025-10-10T21:36:10Z,200,216.34.86.6,/blog/post2,
2025-10-26T03:31:46Z,200,186.130.159.60,/api/data,
2025-10-18T21:32:51Z,404,74.33.254.26,/blog,Not Found
2025-10-11T00:46:01Z,200,30.124.235.179,/products/1,
2025-10-16T13:42:12Z,401,102.193.248.204,/api/logout,Unauthorized
2025-10-19T22:53:58Z,200,208.212.36.28,/products,
2025-10-07T08:10:05Z,200,57.221.81.30,/dashboard,
2025-10-09T18:06:52Z,401,171.108.81.222,/search?q=ai,Unauthorized
2025-10-14T16:05:12Z,200,129.109.57.147,/index.html,
2025-11-04T15:07:07Z,301,189.167.46.131,/api/logout,
2025-10-17T03:30:13Z,403,63.88.235.162,/contact,Forbidden
2025-10-17T10:46:50Z,301,16.244.13.17,/products/1,
2025-10-29T16:34:03Z,200,170.199.210.14,/checkout,
2025-11-05T19:19:20Z,302,127.45.48.9,/products,
2025-10-17T14:15:16Z,200,201.54.161.222,/api/logout,
2025-10-31T05:35:42Z,200,138.129.205.109,/settings,
2025-11-01T06:56:06Z,200,40.99.210.82,/blog/post2,
2025-10-08T22:12:25Z,301,99.217.60.163,/api/data,
2025-10-10T17:14:29Z,301,179.176.119.251,/products/2,
2025-10-09T22:57:34Z,200,222.171.135.217,/contact,
2025-10-14T17:00:27Z,200,17.172.125.229,/blog/post2,
2025-10-15T01:33:41Z,200,67.147.28.207,/dashboard,
2025-10-15T09:55:00Z,400,99.188.99.71,/products/1,Bad Request
2025-10-13T16:21:38Z,404,221.102.34.161,/checkout,Not Found
2025-10-15T16:55:07Z,200,158.208.187.108,/products,
2025-11-05T23:36:18Z,200,103.88.87.11,/about,
2025-10-22T11:19:45Z,503,18.117.148.127,/contact,Service Unavailable
2025-10-16T15:16:07Z,200,38.192.35.61,/about,
2025-10-21T14:05:05Z,404,50.75.187.75,/index.html,Not Found
2025-10-14T16:31:00Z,200,110.50.230.107,/checkout,
2025-10-20T02:56:40Z,302,69.81.43.233,/api/login,
2025-10-14T03:09:22Z,200,216.93.62.249,/api/logout,
2025-10-19T04:28:24Z,404,88.67.239.201,/settings,Not Found
2025-10-14T06:22:23Z,301,163.160.228.210,/api/logout,
2025-10-09T09:25:11Z,200,90.172.116.114,/products/2,
2025-10-17T04:43:26Z,403,119.71.245.94,/contact,Forbidden
2025-10-20T09:58:18Z,200,20.251.138.250,/api/logout,
2025-11-01T06:12:33Z,400,144.112.122.222,/blog,Bad Request
2025-10-14T21:23:52Z,500,103.46.69.144,/products,Internal Server Error
2025-10-08T07:11:18Z,200,174.184.96.191,/api/data,
2025-10-22T20:43:36Z,200,150.159.146.54,/search?q=ai,
2025-10-08T18:48:53Z,302,26.228.162.43,/api/login,
2025-10-27T02:25:33Z,400,28.48.147.131,/blog,Bad Request
2025-10-18T00:48:36Z,200,47.222.63.231,/products/2,
2025-10-25T18:01:33Z,200,196.33.130.140,/blog,
2025-11-02T22:36:22Z,200,25.176.46.156,/api/logout,
2025-10-11T22:51:31Z,200,18.18.214.105,/about,
2025-10-20T22:03:40Z,400,181.124.46.152,/blog/post2,Bad Request
2025-10-11T13:34:57Z,200,139.239.70.194,/blog/post2,
2025-10-30T23:43:18Z,200,147.209.34.150,/search?q=ai,
2025-10-10T22:58:20Z,404,194.120.56.18,/api/data,Not Found
2025-10-11T22:00:49Z,200,49.158.110.162,/api/logout,
2025-10-09T03:14:23Z,403,107.114.232.174,/settings,Forbidden
2025-10-16T15:00:33Z,200,141.175.182.189,/blog/post2,
2025-10-24T14:34:50Z,200,89.251.113.103,/api/logout,
2025-10-25T05:02:04Z,200,119.255.212.87,/blog/post1,
2025-10-23T06:30:59Z,503,204.70.12.210,/blog,Service Unavailable
2025-10-19T20:08:00Z,200,128.171.110.162,/settings,
2025-10-13T03:34:58Z,301,28.22.108.42,/blog/post2,
2025-10-14T12:43:45Z,200,171.237.112.219,/blog/post2,
2025-10-16T08:51:18Z,403,182.22.0.162,/products/2,Forbidden
2025-10-23T15:01:00Z,403,72.102.245.97,/blog/post2,Forbidden
2025-10-25T16:16:22Z,200,14.22.229.29,/api/login,
2025-10-29T06:55:44Z,200,34.55.97.144,/products,
2025-10-09T19:02:59Z,200,146.169.208.46,/api/login,
2025-10-28T22:00:30Z,200,37.35.44.156,/index.html,
2025-10-13T07:44:53Z,200,140.249.181.253,/about,
2025-10-13T21:19:46Z,200,124.127.85.19,/blog/post2,
2025-10-10T09:48:24Z,200,154.75.75.63,/blog/post1,
2025-10-30T11:06:51Z,200,170.51.108.18,/api/logout,
2025-10-18T17:23:55Z,200,48.132.126.206,/api/logout,
2025-10-15T20:42:59Z,401,163.106.203.53,/contact,Unauthorized
2025-10-19T10:10:55Z,200,75.55.208.203,/products,
2025-10-11T00:46:48Z,400,205.96.216.83,/index.html,Bad Request
2025-10-19T07:05:13Z,200,52.71.104.252,/dashboard,
2025-10-15T02:42:03Z,404,25.127.206.148,/contact,Not Found
2025-10-18T23:18:32Z,200,94.131.48.67,/products/1,
2025-10-25T16:51:39Z,200,17.123.240.255,/settings,
2025-10-17T14:44:03Z,200,203.197.8.175,/api/logout,
2025-10-23T04:14:49Z,200,165.71.140.62,/blog/post1,
2025-10-30T17:46:47Z,404,181.250.170.8,/blog,Not Found
2025-11-05T03:15:59Z,200,190.41.6.233,/settings,
2025-10-11T20:28:25Z,400,49.251.33.82,/contact,Bad Request
2025-10-29T16:53:03Z,200,131.134.89.61,/blog/post2,
2025-10-13T14:33:56Z,200,186.37.254.217,/blog/post2,
2025-10-16T14:32:03Z,200,123.47.79.103,/contact,
2025-10-18T11:11:53Z,400,217.73.209.59,/contact,Bad Request
2025-10-27T14:48:10Z,200,204.103.129.154,/products/1,
2025-10-10T07:23:38Z,404,26.20.122.218,/products,Not Found
2025-10-18T22:54:27Z,400,64.10.174.230,/settings,Bad Request
2025-10-26T15:54:42Z,200,207.38.248.222,/blog,
2025-10-13T07:51:22Z,401,56.252.240.54,/blog,Unauthorized
2025-10-14T14:56:35Z,200,137.254.49.154,/about,
2025-10-23T12:07:30Z,302,194.76.161.149,/products/1,
2025-11-03T16:54:43Z,200,119.153.4.208,/contact,
2025-10-09T11:36:03Z,200,124.176.10.236,/settings,
2025-11-03T06:37:43Z,200,141.44.229.138,/settings,
2025-10-25T09:57:30Z,200,13.208.59.109,/api/logout,
2025-10-13T06:51:21Z,301,94.93.174.243,/api/login,
2025-10-18T00:34:33Z,200,194.117.245.210,/contact,
2025-11-03T14:53:19Z,200,88.183.161.67,/blog/post2,
2025-10-09T10:07:30Z,401,104.154.107.58,/api/login,Unauthorized
2025-11-04T17:53:29Z,400,129.105.58.169,/api/login,Bad Request
2025-10-16T11:39:21Z,400,66.225.185.205,/about,Bad Request
2025-10-16T04:36:12Z,200,135.217.121.247,/products,
2025-10-23T11:17:54Z,200,125.242.89.58,/contact,
2025-11-01T12:08:48Z,302,95.227.58.209,/products/1,
2025-11-01T01:12:55Z,200,134.102.37.44,/api/login,
2025-11-03T05:56:28Z,301,40.197.106.145,/index.html,
2025-10-23T11:42:16Z,200,199.208.42.19,/checkout,
2025-11-04T01:53:39Z,200,81.144.179.125,/settings,
2025-10-22T07:31:24Z,403,11.143.142.227,/api/data,Forbidden
2025-10-14T17:14:32Z,503,84.26.245.48,/api/login,Service Unavailable
2025-10-30T11:37:15Z,200,41.222.58.161,/products/1,
2025-10-10T21:04:26Z,200,115.176.232.5,/checkout,
2025-10-17T22:00:22Z,200,54.87.3.108,/products,
2025-10-16T11:16:15Z,301,194.219.194.12,/products/1,
2025-10-13T04:23:48Z,500,22.119.116.20,/blog,Internal Server Error
2025-11-03T07:16:54Z,200,36.36.149.65,/blog/post2,
2025-10-10T05:37:28Z,200,49.225.147.121,/products,
2025-10-08T22:26:45Z,503,79.242.50.76,/dashboard,Service Unavailable
2025-10-14T18:19:52Z,200,213.13.26.171,/blog,
2025-10-27T20:40:21Z,200,221.50.196.184,/about,
2025-10-30T04:40:21Z,400,85.162.196.57,/products/2,Bad Request
2025-10-21T14:38:09Z,200,16.107.156.154,/checkout,
2025-10-30T21:20:38Z,200,125.172.148.191,/dashboard,
2025-10-18T01:41:45Z,200,43.244.132.107,/dashboard,
2025-10-17T15:50:33Z,200,87.142.134.163,/dashboard,
2025-10-26T14:04:39Z,200,196.201.39.123,/products,
2025-10-22T23:29:31Z,503,178.173.197.230,/products/2,Service Unavailable
2025-10-20T17:13:41Z,200,110.20.142.199,/products/1,
2025-10-11T04:38:35Z,200,18.178.170.6,/products,
2025-11-05T12:17:54Z,200,76.7.158.148,/about,
2025-10-23T14:24:16Z,200,175.235.77.26,/api/data,
2025-10-21T17:47:43Z,400,71.227.216.156,/checkout,Bad Request
2025-10-12T11:21:30Z,200,86.44.181.232,/blog,
2025-11-03T21:23:10Z,200,135.201.209.17,/products,
2025-10-21T22:02:12Z,200,21.143.95.67,/products,
2025-10-08T11:38:08Z,200,127.37.27.137,/settings,
2025-11-03T06:37:19Z,200,195.49.20.203,/search?q=ai,
2025-11-01T00:55:55Z,200,28.185.7.102,/index.html,
2025-11-01T05:39:49Z,200,190.104.197.163,/index.html,
2025-10-11T06:41:31Z,301,125.229.192.46,/products/2,
2025-10-17T18:26:12Z,200,108.239.159.184,/blog/post1,
2025-11-01T04:38:50Z,200,203.44.28.119,/api/data,
2025-10-18T22:36:27Z,404,145.224.140.187,/dashboard,Not Found
2025-10-16T03:03:12Z,503,29.66.59.30,/products/1,Service Unavailable
2025-11-01T22:03:37Z,200,219.23.43.243,/products,
2025-10-14T04:55:07Z,503,24.62.181.79,/blog/post2,Service Unavailable
2025-10-15T16:39:09Z,200,110.187.34.239,/products,
2025-10-23T05:27:46Z,200,215.135.187.183,/api/data,
2025-11-01T06:17:55Z,200,63.224.249.113,/products/1,
2025-10-10T20:44:07Z,404,107.111.255.63,/index.html,Not Found
2025-10-21T13:03:16Z,404,92.218.184.194,/api/login,Not Found
2025-11-01T00:07:37Z,200,93.246.91.98,/settings,
2025-11-05T21:50:32Z,200,73.198.102.160,/api/data,
2025-10-13T18:36:34Z,200,82.89.15.104,/products/2,
2025-10-16T06:12:17Z,200,77.233.177.186,/api/login,
2025-10-14T07:21:49Z,200,51.214.61.164,/api/logout,
2025-10-13T19:19:01Z,200,205.118.39.12,/dashboard,
2025-10-21T14:34:16Z,200,175.68.92.245,/api/logout,
2025-10-09T11:55:57Z,200,216.181.10.198,/checkout,
2025-10-20T00:06:33Z,200,191.138.204.41,/blog/post2,
2025-10-30T07:28:22Z,401,198.26.67.96,/settings,Unauthorized
2025-10-20T06:43:03Z,200,96.159.179.35,/checkout,
2025-11-05T15:37:17Z,200,212.12.41.108,/index.html,
2025-10-18T00:30:32Z,401,41.9.11.15,/dashboard,Unauthorized
2025-10-22T03:13:28Z,404,193.254.76.46,/about,Not Found
2025-10-31T12:33:16Z,500,106.21.220.234,/products/2,Internal Server Error
2025-10-16T20:52:20Z,200,202.61.207.146,/api/data,
2025-10-15T15:09:01Z,200,56.241.37.180,/blog/post2,
2025-10-15T17:40:11Z,403,35.96.138.66,/about,Forbidden
2025-10-29T16:51:12Z,200,139.194.29.19,/dashboard,
2025-11-04T09:33:16Z,200,118.142.67.119,/products/2,
2025-10-28T18:45:08Z,400,107.7.68.196,/api/logout,Bad Request
2025-10-30T06:26:00Z,200,187.182.170.201,/api/data,
2025-10-09T09:07:10Z,401,63.148.123.0,/products,Unauthorized
2025-10-30T07:24:43Z,200,18.226.156.239,/products,
2025-10-24T11:29:56Z,200,50.45.31.171,/search?q=ai,
2025-10-20T18:07:53Z,502,31.212.176.84,/blog/post1,Bad Gateway
2025-10-14T02:39:12Z,200,190.150.130.190,/api/login,
2025-10-10T18:33:15Z,200,135.253.134.149,/search?q=ai,
2025-10-09T04:46:32Z,200,217.219.143.249,/contact,
2025-10-21T10:32:10Z,404,21.150.40.61,/checkout,Not Found
2025-10-23T06:11:21Z,502,120.115.14.205,/settings,Bad Gateway
2025-10-08T16:32:09Z,301,208.53.192.114,/blog/post2,
2025-10-16T23:39:01Z,404,40.9.210.150,/dashboard,Not Found
2025-10-30T12:08:05Z,200,131.226.203.89,/dashboard,
2025-11-04T12:36:54Z,200,119.222.37.31,/products/1,
2025-11-02T03:28:20Z,404,31.12.96.14,/products/2,Not Found
2025-10-14T13:21:33Z,200,195.179.51.9,/products/1,
2025-10-18T09:03:02Z,200,64.168.47.194,/products,
2025-11-04T23:52:04Z,404,150.157.217.210,/api/login,Not Found
2025-10-07T09:51:19Z,200,197.107.160.248,/about,
2025-10-11T06:50:04Z,200,189.61.125.193,/search?q=ai,
2025-10-30T15:00:44Z,200,74.1.236.37,/checkout,
2025-10-19T18:52:10Z,200,198.185.60.77,/blog/post2,
2025-10-16T20:17:30Z,200,93.118.189.42,/dashboard,
2025-10-12T01:12:42Z,200,196.189.41.166,/products/2,
2025-10-10T19:52:21Z,200,37.23.237.251,/dashboard,
2025-11-01T15:26:37Z,502,75.166.112.59,/about,Bad Gateway
2025-11-02T19:49:18Z,200,163.140.51.235,/products/2,
2025-10-24T05:52:11Z,404,214.192.122.106,/api/logout,Not Found
2025-10-24T05:20:39Z,200,132.30.131.183,/checkout,
2025-10-21T18:39:00Z,400,58.228.74.180,/checkout,Bad Request
